tourney_id,tourney_name,tourney_date,tourney_level,surface,draw_size,match_num,best_of,round,winner_id,winner_name,winner_hand,winner_ioc,winner_age,loser_id,loser_name,loser_hand,loser_ioc,loser_age,score,minutes,w_ace,w_df,w_svpt,w_1stIn,w_1stWon,w_2ndWon,w_SvGms,w_bpSaved,w_bpFaced,l_ace,l_df,l_svpt,l_1stIn,l_1stWon,l_2ndWon,l_SvGms,l_bpSaved,l_bpFaced,winner_rank,winner_rank_points,loser_rank,loser_rank_points,year
2006-339,Adelaide,2006-01-02,A,Hard,32,1,3,R32,103720,Lleyton Hewitt,R,AUS,24.8,103401,Jan Hernych,R,CZE,26.4,4-6 6-2 6-4,116.0,5.0,4.0,89.0,51.0,36.0,15.0,14.0,6.0,11.0,1.0,0.0,103.0,69.0,40.0,12.0,14.0,9.0,16.0,4.0,2490.0,74.0,515.0,2006
2006-339,Adelaide,2006-01-02,A,Hard,32,2,3,R32,104259,Philipp Kohlschreiber,R,GER,22.2,104589,Chris Guccione,L,AUS,20.4,6-4 6-3,76.0,4.0,1.0,49.0,28.0,22.0,14.0,9.0,2.0,3.0,14.0,5.0,84.0,49.0,30.0,14.0,10.0,12.0,16.0,86.0,470.0,156.0,265.0,2006
2006-339,Adelaide,2006-01-02,A,Hard,32,3,3,R32,104918,Andy Murray,R,GBR,18.6,103893,Paolo Lorenzi,R,ITA,24.0,3-6 6-0 6-2,88.0,7.0,6.0,70.0,44.0,29.0,13.0,11.0,5.0,8.0,0.0,1.0,75.0,40.0,17.0,17.0,12.0,5.0,12.0,64.0,571.0,252.0,138.0,2006
2006-339,Adelaide,2006-01-02,A,Hard,32,4,3,R32,104607,Tomas Berdych,R,CZE,20.2,102860,Agustin Calleri,R,ARG,29.3,6-4 6-7(5) 6-4,138.0,5.0,5.0,103.0,53.0,43.0,29.0,16.0,4.0,5.0,13.0,9.0,110.0,58.0,43.0,27.0,16.0,5.0,8.0,24.0,1200.0,51.0,692.0,2006
2006-339,Adelaide,2006-01-02,A,Hard,32,5,3,R32,104339,Mario Ancic,R,CRO,21.7,103096,Arnaud Clement,R,FRA,28.0,6-0 6-2,59.0,7.0,0.0,36.0,23.0,21.0,8.0,7.0,2.0,2.0,1.0,1.0,45.0,23.0,15.0,4.0,7.0,4.0,9.0,21.0,1360.0,69.0,558.0,2006
2006-339,Adelaide,2006-01-02,A,Hard,32,6,3,R32,103598,Xavier Malisse,R,BEL,25.4,103429,Peter Luczak,R,AUS,26.3,7-6(11) 6-3,105.0,17.0,4.0,95.0,54.0,44.0,17.0,11.0,14.0,16.0,5.0,2.0,73.0,40.0,29.0,15.0,10.0,6.0,9.0,47.0,731.0,146.0,286.0,2006
2006-339,Adelaide,2006-01-02,A,Hard,32,7,3,R32,104312,Andreas Seppi,R,ITA,21.8,104081,Boris Pashanski,R,SRB,23.1,6-4 6-4,70.0,8.0,2.0,57.0,36.0,29.0,11.0,10.0,2.0,3.0,3.0,4.0,58.0,33.0,24.0,11.0,10.0,5.0,8.0,68.0,562.0,82.0,498.0,2006
2006-339,Adelaide,2006-01-02,A,Hard,32,8,3,R32,103484,James Blake,R,USA,26.0,103252,Alberto Martin,R,ESP,27.3,6-3 6-3,65.0,4.0,0.0,51.0,25.0,21.0,13.0,9.0,3.0,5.0,3.0,6.0,60.0,33.0,21.0,8.0,9.0,6.0,11.0,23.0,1230.0,50.0,711.0,2006
2006-339,Adelaide,2006-01-02,A,Hard,32,9,3,R32,103813,Jarkko Nieminen,L,FIN,24.4,103908,Paul Henri Mathieu,R,FRA,23.9,6-2 7-6(5),92.0,3.0,2.0,78.0,52.0,36.0,14.0,10.0,5.0,6.0,4.0,5.0,66.0,35.0,27.0,13.0,10.0,5.0,8.0,28.0,1045.0,46.0,738.0,2006
2006-339,Adelaide,2006-01-02,A,Hard,32,10,3,R32,104252,Florian Mayer,R,GER,22.2,104338,Juan Monaco,R,ARG,21.7,6-2 6-4,73.0,2.0,3.0,45.0,25.0,22.0,11.0,9.0,1.0,2.0,1.0,0.0,67.0,42.0,24.0,11.0,9.0,5.0,9.0,72.0,519.0,85.0,477.0,2006
2006-339,Adelaide,2006-01-02,A,Hard,32,11,3,R32,103722,Florent Serra,R,FRA,24.8,103566,Michael Llodra,L,FRA,25.6,3-6 3-1 RET,70.0,3.0,2.0,40.0,31.0,19.0,5.0,6.0,2.0,4.0,1.0,1.0,48.0,30.0,16.0,11.0,7.0,3.0,5.0,49.0,712.0,137.0,303.0,2006
2006-339,Adelaide,2006-01-02,A,Hard,32,12,3,R32,103990,Tommy Robredo,R,ESP,23.6,103781,Jurgen Melzer,L,AUT,24.6,7-5 6-4,83.0,2.0,3.0,59.0,27.0,23.0,23.0,11.0,0.0,0.0,1.0,4.0,79.0,41.0,32.0,17.0,11.0,4.0,6.0,19.0,1490.0,52.0,690.0,2006
2006-339,Adelaide,2006-01-02,A,Hard,32,13,3,R32,103333,Ivo Karlovic,R,CRO,26.8,103428,Juan Ignacio Chela,R,ARG,26.3,6-3 3-6 6-1,104.0,13.0,2.0,79.0,46.0,37.0,16.0,13.0,1.0,2.0,3.0,3.0,80.0,48.0,33.0,16.0,12.0,5.0,8.0,70.0,550.0,39.0,815.0,2006
2006-339,Adelaide,2006-01-02,A,Hard,32,14,3,R32,102202,Kenneth Carlsen,L,DEN,32.7,102571,Gregory Carraz,R,FRA,30.7,5-7 7-5 6-3,127.0,7.0,2.0,96.0,65.0,52.0,17.0,16.0,6.0,7.0,18.0,9.0,104.0,60.0,46.0,21.0,17.0,3.0,6.0,66.0,565.0,167.0,233.0,2006
2006-339,Adelaide,2006-01-02,A,Hard,32,15,3,R32,102882,Mark Philippoussis,R,AUS,29.1,102434,Vincent Spadea,R,USA,31.4,6-4 3-6 6-4,121.0,14.0,2.0,94.0,53.0,36.0,21.0,15.0,6.0,10.0,4.0,3.0,95.0,55.0,37.0,18.0,14.0,6.0,10.0,172.0,228.0,75.0,515.0,2006
2006-339,Adelaide,2006-01-02,A,Hard,32,16,3,R32,103103,Dominik Hrbaty,R,SVK,27.9,103782,Rameez Junaid,R,AUS,24.6,6-3 7-5,71.0,6.0,5.0,63.0,37.0,26.0,15.0,11.0,3.0,5.0,2.0,5.0,58.0,33.0,23.0,9.0,10.0,2.0,6.0,18.0,1490.0,413.0,67.0,2006
2006-339,Adelaide,2006-01-02,A,Hard,32,17,3,R16,104259,Philipp Kohlschreiber,R,GER,22.2,103720,Lleyton Hewitt,R,AUS,24.8,6-3 0-6 7-5,115.0,4.0,0.0,91.0,42.0,22.0,31.0,14.0,4.0,8.0,7.0,4.0,80.0,48.0,35.0,17.0,13.0,5.0,8.0,86.0,470.0,4.0,2490.0,2006
2006-339,Adelaide,2006-01-02,A,Hard,32,18,3,R16,104607,Tomas Berdych,R,CZE,20.2,104918,Andy Murray,R,GBR,18.6,7-6(2) 4-6 6-1,127.0,5.0,5.0,94.0,56.0,42.0,18.0,14.0,0.0,2.0,5.0,3.0,106.0,54.0,39.0,22.0,15.0,10.0,14.0,24.0,1200.0,64.0,571.0,2006
2006-339,Adelaide,2006-01-02,A,Hard,32,19,3,R16,103598,Xavier Malisse,R,BEL,25.4,104339,Mario Ancic,R,CRO,21.7,3-6 6-3 7-6(8),147.0,6.0,1.0,93.0,56.0,40.0,18.0,15.0,4.0,8.0,5.0,5.0,100.0,54.0,35.0,25.0,15.0,5.0,9.0,47.0,731.0,21.0,1360.0,2006
2006-339,Adelaide,2006-01-02,A,Hard,32,20,3,R16,104312,Andreas Seppi,R,ITA,21.8,103484,James Blake,R,USA,26.0,3-6 6-3 6-4,113.0,5.0,2.0,111.0,79.0,48.0,19.0,14.0,12.0,14.0,4.0,2.0,87.0,45.0,33.0,21.0,14.0,6.0,9.0,68.0,562.0,23.0,1230.0,2006
2006-339,Adelaide,2006-01-02,A,Hard,32,21,3,R16,103813,Jarkko Nieminen,L,FIN,24.4,104252,Florian Mayer,R,GER,22.2,7-6(1) 7-5,78.0,2.0,1.0,69.0,43.0,32.0,15.0,12.0,0.0,3.0,4.0,0.0,69.0,36.0,24.0,18.0,12.0,2.0,6.0,28.0,1045.0,72.0,519.0,2006
2006-339,Adelaide,2006-01-02,A,Hard,32,22,3,R16,103722,Florent Serra,R,FRA,24.8,103990,Tommy Robredo,R,ESP,23.6,7-6(4) 3-6 6-3,129.0,0.0,2.0,105.0,67.0,47.0,18.0,15.0,6.0,9.0,5.0,3.0,100.0,57.0,41.0,21.0,15.0,10.0,13.0,49.0,712.0,19.0,1490.0,2006
2006-339,Adelaide,2006-01-02,A,Hard,32,23,3,R16,102202,Kenneth Carlsen,L,DEN,32.7,103333,Ivo Karlovic,R,CRO,26.8,2-6 7-6(5) 6-4,117.0,4.0,5.0,86.0,54.0,43.0,17.0,15.0,1.0,3.0,24.0,2.0,84.0,56.0,45.0,19.0,15.0,2.0,3.0,66.0,565.0,70.0,550.0,2006
2006-339,Adelaide,2006-01-02,A,Hard,32,24,3,R16,103103,Dominik Hrbaty,R,SVK,27.9,102882,Mark Philippoussis,R,AUS,29.1,3-6 6-4 6-1,111.0,4.0,6.0,89.0,54.0,39.0,16.0,13.0,6.0,9.0,5.0,1.0,85.0,41.0,26.0,21.0,13.0,7.0,12.0,18.0,1490.0,172.0,228.0,2006
2006-339,Adelaide,2006-01-02,A,Hard,32,25,3,QF,104607,Tomas Berdych,R,CZE,20.2,104259,Philipp Kohlschreiber,R,GER,22.2,6-1 6-4,55.0,5.0,2.0,50.0,28.0,24.0,13.0,9.0,0.0,0.0,2.0,2.0,47.0,30.0,19.0,7.0,8.0,3.0,6.0,24.0,1200.0,86.0,470.0,2006
2006-339,Adelaide,2006-01-02,A,Hard,32,26,3,QF,103598,Xavier Malisse,R,BEL,25.4,104312,Andreas Seppi,R,ITA,21.8,6-0 6-1,48.0,6.0,0.0,29.0,19.0,16.0,8.0,6.0,0.0,0.0,2.0,2.0,50.0,27.0,16.0,2.0,7.0,7.0,13.0,47.0,731.0,68.0,562.0,2006
2006-339,Adelaide,2006-01-02,A,Hard,32,27,3,QF,103722,Florent Serra,R,FRA,24.8,103813,Jarkko Nieminen,L,FIN,24.4,6-4 6-7(4) 6-2,118.0,4.0,2.0,98.0,63.0,45.0,18.0,15.0,4.0,6.0,1.0,5.0,95.0,57.0,37.0,16.0,15.0,1.0,6.0,49.0,712.0,28.0,1045.0,2006
2006-339,Adelaide,2006-01-02,A,Hard,32,28,3,QF,103103,Dominik Hrbaty,R,SVK,27.9,102202,Kenneth Carlsen,L,DEN,32.7,7-5 6-3,86.0,4.0,5.0,72.0,46.0,33.0,14.0,10.0,7.0,8.0,4.0,3.0,70.0,41.0,26.0,12.0,11.0,3.0,7.0,18.0,1490.0,66.0,565.0,2006
2006-339,Adelaide,2006-01-02,A,Hard,32,29,3,SF,103598,Xavier Malisse,R,BEL,25.4,104607,Tomas Berdych,R,CZE,20.2,6-4 6-0,61.0,5.0,2.0,58.0,29.0,19.0,17.0,8.0,4.0,5.0,2.0,2.0,41.0,21.0,12.0,4.0,8.0,0.0,5.0,47.0,731.0,24.0,1200.0,2006
2006-339,Adelaide,2006-01-02,A,Hard,32,30,3,SF,103722,Florent Serra,R,FRA,24.8,103103,Dominik Hrbaty,R,SVK,27.9,6-3 6-3,76.0,4.0,4.0,66.0,38.0,25.0,16.0,9.0,7.0,8.0,1.0,6.0,60.0,33.0,17.0,12.0,9.0,4.0,8.0,49.0,712.0,18.0,1490.0,2006
2006-339,Adelaide,2006-01-02,A,Hard,32,31,3,F,103722,Florent Serra,R,FRA,24.8,103598,Xavier Malisse,R,BEL,25.4,6-3 6-4,71.0,7.0,0.0,63.0,41.0,30.0,14.0,10.0,6.0,6.0,12.0,1.0,64.0,41.0,26.0,11.0,9.0,3.0,5.0,49.0,712.0,47.0,731.0,2006
2006-891,Chennai,2006-01-02,A,Hard,32,1,3,R32,103344,Ivan Ljubicic,R,CRO,26.7,104198,Guillermo Garcia Lopez,R,ESP,22.5,7-6(6) 7-5,130.0,13.0,3.0,86.0,58.0,41.0,15.0,12.0,6.0,8.0,6.0,8.0,104.0,70.0,46.0,14.0,12.0,3.0,6.0,9.0,2180.0,91.0,460.0,2006
2006-891,Chennai,2006-01-02,A,Hard,32,2,3,R32,103181,Jiri Vanek,R,CZE,27.6,102885,Vishal Uppal,R,IND,29.1,6-3 6-1,58.0,3.0,0.0,44.0,30.0,24.0,7.0,8.0,4.0,5.0,2.0,6.0,53.0,24.0,15.0,9.0,8.0,0.0,5.0,99.0,424.0,526.0,43.0,2006
2006-891,Chennai,2006-01-02,A,Hard,32,3,3,R32,103523,Rohan Bopanna,R,IND,25.8,102642,Cyril Saulnier,R,FRA,30.3,6-3 6-3,55.0,7.0,3.0,58.0,38.0,29.0,11.0,9.0,3.0,3.0,3.0,3.0,45.0,28.0,21.0,8.0,9.0,0.0,3.0,266.0,128.0,90.0,460.0,2006
2006-891,Chennai,2006-01-02,A,Hard,32,4,3,R32,104180,Gilles Muller,L,LUX,22.6,103009,Razvan Sabau,R,ROU,28.5,6-2 7-6(5),73.0,13.0,6.0,57.0,32.0,29.0,10.0,10.0,1.0,4.0,1.0,10.0,66.0,32.0,25.0,11.0,10.0,4.0,9.0,76.0,506.0,112.0,398.0,2006
2006-891,Chennai,2006-01-02,A,Hard,32,5,3,R32,103387,Paradorn Srichaphan,R,THA,26.5,102887,Ramon Delgado,R,PAR,29.1,4-6 6-1 7-6(3),136.0,11.0,2.0,90.0,51.0,41.0,23.0,15.0,1.0,2.0,6.0,2.0,113.0,65.0,46.0,23.0,14.0,11.0,13.0,42.0,785.0,132.0,332.0,2006
2006-891,Chennai,2006-01-02,A,Hard,32,6,3,R32,102967,Marc Gicquel,R,FRA,28.7,102703,Hyung Taik Lee,R,KOR,29.9,7-5 6-4,94.0,6.0,1.0,72.0,39.0,25.0,13.0,11.0,2.0,6.0,1.0,1.0,65.0,35.0,18.0,15.0,11.0,7.0,13.0,123.0,366.0,107.0,406.0,2006
2006-891,Chennai,2006-01-02,A,Hard,32,7,3,R32,104019,Kristof Vliegen,R,BEL,23.5,104499,Jimmy Wang,R,TPE,20.8,6-3 6-2,70.0,7.0,2.0,49.0,36.0,25.0,7.0,8.0,5.0,6.0,4.0,6.0,66.0,32.0,20.0,13.0,9.0,4.0,9.0,93.0,442.0,100.0,423.0,2006
2006-891,Chennai,2006-01-02,A,Hard,32,8,3,R32,102783,Rainer Schuettler,R,GER,29.6,102950,Fernando Vicente,R,ESP,28.8,6-4 6-3,78.0,1.0,3.0,58.0,41.0,27.0,8.0,10.0,4.0,7.0,4.0,3.0,52.0,30.0,17.0,8.0,9.0,3.0,8.0,88.0,463.0,110.0,400.0,2006
2006-891,Chennai,2006-01-02,A,Hard,32,9,3,R32,103451,Bjorn Phau,R,GER,26.2,104035,Bobby Reynolds,R,USA,23.4,6-3 6-0,67.0,2.0,3.0,48.0,21.0,15.0,18.0,7.0,2.0,2.0,2.0,6.0,58.0,31.0,16.0,10.0,8.0,3.0,8.0,87.0,463.0,92.0,442.0,2006
2006-891,Chennai,2006-01-02,A,Hard,32,10,3,R32,103582,Michael Berrer,L,GER,25.5,104160,Lukas Dlouhy,R,CZE,22.7,3-6 6-3 6-2,97.0,5.0,1.0,66.0,48.0,37.0,10.0,13.0,1.0,3.0,8.0,5.0,96.0,54.0,35.0,18.0,13.0,7.0,11.0,126.0,356.0,98.0,428.0,2006
2006-891,Chennai,2006-01-02,A,Hard,32,11,3,R32,102925,Justin Gimelstob,R,USA,28.9,102565,Alexander Waske,R,GER,30.7,6-2 6-2,70.0,9.0,2.0,52.0,37.0,27.0,8.0,8.0,2.0,3.0,5.0,4.0,55.0,32.0,18.0,8.0,8.0,5.0,10.0,104.0,408.0,122.0,368.0,2006
2006-891,Chennai,2006-01-02,A,Hard,32,12,3,R32,102845,Carlos Moya,R,ESP,29.3,101868,Dick Norman,L,BEL,34.8,6-4 3-6 6-1,101.0,13.0,2.0,73.0,39.0,35.0,18.0,13.0,4.0,5.0,12.0,6.0,98.0,57.0,37.0,22.0,13.0,10.0,13.0,31.0,940.0,108.0,404.0,2006
2006-891,Chennai,2006-01-02,A,Hard,32,13,3,R32,102494,Tomas Behrend,R,GER,31.0,103228,Marcos Daniel,R,BRA,27.4,6-3 7-5,76.0,7.0,4.0,61.0,39.0,33.0,10.0,10.0,4.0,5.0,3.0,2.0,62.0,38.0,24.0,14.0,11.0,2.0,6.0,89.0,462.0,94.0,440.0,2006
2006-891,Chennai,2006-01-02,A,Hard,32,14,3,R32,103693,Thierry Ascione,R,FRA,24.9,103752,Simon Greul,R,GER,24.7,7-5 6-1,75.0,7.0,2.0,61.0,34.0,24.0,18.0,10.0,1.0,1.0,2.0,1.0,54.0,20.0,13.0,19.0,9.0,3.0,6.0,96.0,431.0,131.0,333.0,2006
2006-891,Chennai,2006-01-02,A,Hard,32,15,3,R32,104250,Prakash Amritraj,R,IND,22.2,103672,Ricardo Mello,L,BRA,25.0,2-6 6-2 6-3,102.0,1.0,2.0,65.0,27.0,24.0,21.0,13.0,3.0,6.0,3.0,1.0,68.0,51.0,33.0,7.0,12.0,2.0,6.0,267.0,127.0,111.0,398.0,2006
2006-891,Chennai,2006-01-02,A,Hard,32,16,3,R32,103285,Radek Stepanek,R,CZE,27.0,103868,Ivan Navarro,R,ESP,24.2,6-4 7-6(3),92.0,3.0,1.0,68.0,48.0,39.0,14.0,11.0,2.0,2.0,9.0,4.0,80.0,35.0,30.0,22.0,11.0,2.0,3.0,20.0,1440.0,139.0,301.0,2006
2006-891,Chennai,2006-01-02,A,Hard,32,17,3,R16,103344,Ivan Ljubicic,R,CRO,26.7,103181,Jiri Vanek,R,CZE,27.6,6-3 3-6 6-3,107.0,10.0,0.0,86.0,50.0,40.0,20.0,14.0,5.0,6.0,10.0,3.0,83.0,53.0,41.0,14.0,13.0,7.0,9.0,9.0,2180.0,99.0,424.0,2006
2006-891,Chennai,2006-01-02,A,Hard,32,18,3,R16,104180,Gilles Muller,L,LUX,22.6,103523,Rohan Bopanna,R,IND,25.8,6-3 6-4,67.0,6.0,2.0,51.0,39.0,32.0,9.0,10.0,0.0,0.0,4.0,2.0,56.0,39.0,28.0,7.0,9.0,6.0,8.0,76.0,506.0,266.0,128.0,2006
2006-891,Chennai,2006-01-02,A,Hard,32,19,3,R16,103387,Paradorn Srichaphan,R,THA,26.5,102967,Marc Gicquel,R,FRA,28.7,6-3 6-7(5) 6-2,128.0,6.0,4.0,87.0,45.0,37.0,26.0,15.0,0.0,0.0,8.0,2.0,113.0,51.0,39.0,31.0,14.0,10.0,13.0,42.0,785.0,123.0,366.0,2006
2006-891,Chennai,2006-01-02,A,Hard,32,20,3,R16,104019,Kristof Vliegen,R,BEL,23.5,102783,Rainer Schuettler,R,GER,29.6,6-2 6-4,65.0,3.0,1.0,52.0,37.0,25.0,11.0,9.0,4.0,5.0,1.0,2.0,47.0,27.0,18.0,8.0,9.0,2.0,6.0,93.0,442.0,88.0,463.0,2006
2006-891,Chennai,2006-01-02,A,Hard,32,21,3,R16,103451,Bjorn Phau,R,GER,26.2,103582,Michael Berrer,L,GER,25.5,1-6 6-2 6-4,102.0,2.0,1.0,79.0,44.0,31.0,18.0,13.0,6.0,10.0,2.0,2.0,72.0,48.0,30.0,11.0,12.0,5.0,9.0,87.0,463.0,126.0,356.0,2006
2006-891,Chennai,2006-01-02,A,Hard,32,22,3,R16,102845,Carlos Moya,R,ESP,29.3,102925,Justin Gimelstob,R,USA,28.9,3-6 6-3 6-4,100.0,12.0,2.0,74.0,50.0,35.0,15.0,14.0,1.0,4.0,11.0,2.0,86.0,57.0,40.0,10.0,14.0,3.0,7.0,31.0,940.0,104.0,408.0,2006
2006-891,Chennai,2006-01-02,A,Hard,32,23,3,R16,103693,Thierry Ascione,R,FRA,24.9,102494,Tomas Behrend,R,GER,31.0,6-4 6-1,75.0,4.0,3.0,60.0,39.0,31.0,8.0,9.0,4.0,5.0,2.0,3.0,60.0,35.0,22.0,9.0,8.0,7.0,11.0,96.0,431.0,89.0,462.0,2006
2006-891,Chennai,2006-01-02,A,Hard,32,24,3,R16,103285,Radek Stepanek,R,CZE,27.0,104250,Prakash Amritraj,R,IND,22.2,3-6 6-0 6-4,104.0,8.0,1.0,60.0,49.0,36.0,10.0,12.0,1.0,2.0,3.0,2.0,90.0,62.0,36.0,16.0,13.0,7.0,11.0,20.0,1440.0,267.0,127.0,2006
2006-891,Chennai,2006-01-02,A,Hard,32,25,3,QF,103344,Ivan Ljubicic,R,CRO,26.7,104180,Gilles Muller,L,LUX,22.6,6-1 6-3,60.0,7.0,0.0,41.0,27.0,22.0,11.0,8.0,0.0,0.0,3.0,4.0,56.0,35.0,22.0,7.0,8.0,3.0,7.0,9.0,2180.0,76.0,506.0,2006
2006-891,Chennai,2006-01-02,A,Hard,32,26,3,QF,104019,Kristof Vliegen,R,BEL,23.5,103387,Paradorn Srichaphan,R,THA,26.5,6-1 6-2,53.0,5.0,1.0,33.0,23.0,22.0,6.0,7.0,0.0,0.0,4.0,1.0,59.0,30.0,14.0,15.0,8.0,5.0,10.0,93.0,442.0,42.0,785.0,2006
2006-891,Chennai,2006-01-02,A,Hard,32,27,3,QF,102845,Carlos Moya,R,ESP,29.3,103451,Bjorn Phau,R,GER,26.2,6-4 4-6 6-1,108.0,7.0,3.0,86.0,54.0,41.0,17.0,14.0,3.0,5.0,1.0,1.0,93.0,56.0,34.0,20.0,13.0,8.0,12.0,31.0,940.0,87.0,463.0,2006
2006-891,Chennai,2006-01-02,A,Hard,32,28,3,QF,103285,Radek Stepanek,R,CZE,27.0,103693,Thierry Ascione,R,FRA,24.9,6-3 6-4,78.0,2.0,0.0,56.0,33.0,20.0,16.0,9.0,2.0,3.0,0.0,3.0,62.0,32.0,19.0,16.0,10.0,0.0,4.0,20.0,1440.0,96.0,431.0,2006
2006-891,Chennai,2006-01-02,A,Hard,32,29,3,SF,103344,Ivan Ljubicic,R,CRO,26.7,104019,Kristof Vliegen,R,BEL,23.5,6-3 3-6 7-6(6),124.0,20.0,2.0,85.0,56.0,47.0,18.0,15.0,2.0,3.0,4.0,3.0,99.0,62.0,49.0,21.0,15.0,3.0,4.0,9.0,2180.0,93.0,442.0,2006
2006-891,Chennai,2006-01-02,A,Hard,32,30,3,SF,102845,Carlos Moya,R,ESP,29.3,103285,Radek Stepanek,R,CZE,27.0,6-4 6-7(5) 7-6(3),165.0,12.0,4.0,115.0,66.0,49.0,32.0,17.0,8.0,9.0,5.0,3.0,109.0,66.0,48.0,25.0,17.0,4.0,6.0,31.0,940.0,20.0,1440.0,2006
2006-891,Chennai,2006-01-02,A,Hard,32,31,3,F,103344,Ivan Ljubicic,R,CRO,26.7,102845,Carlos Moya,R,ESP,29.3,7-6(6) 6-2,101.0,12.0,4.0,63.0,40.0,35.0,12.0,10.0,2.0,2.0,5.0,2.0,93.0,56.0,39.0,15.0,10.0,7.0,9.0,9.0,2180.0,31.0,940.0,2006
2006-451,Doha,2006-01-02,A,Hard,32,1,3,R32,103819,Roger Federer,R,SUI,24.4,104371,Ivo Minar,R,CZE,21.6,6-1 6-3,64.0,0.0,1.0,62.0,33.0,21.0,18.0,8.0,6.0,7.0,5.0,3.0,66.0,36.0,20.0,12.0,8.0,7.0,12.0,1.0,6725.0,73.0,518.0,2006
2006-451,Doha,2006-01-02,A,Hard,32,2,3,R32,102148,Fabrice Santoro,R,FRA,33.0,103594,Oliver Marach,R,AUT,25.4,6-0 2-6 6-4,125.0,3.0,3.0,89.0,57.0,34.0,16.0,12.0,7.0,11.0,1.0,2.0,74.0,43.0,27.0,12.0,12.0,7.0,13.0,58.0,615.0,127.0,350.0,2006
2006-451,Doha,2006-01-02,A,Hard,32,3,3,R32,104571,Marcos Baghdatis,R,CYP,20.5,102956,Sultan Khalfan,R,QAT,28.7,6-1 6-1,69.0,4.0,4.0,39.0,13.0,12.0,18.0,7.0,0.0,0.0,0.0,3.0,54.0,30.0,17.0,6.0,7.0,6.0,11.0,55.0,634.0,1497.0,1.0,2006
2006-451,Doha,2006-01-02,A,Hard,32,4,3,R32,103852,Feliciano Lopez,L,ESP,24.2,103812,Victor Hanescu,R,ROU,24.4,6-4 7-6(2),80.0,6.0,3.0,64.0,28.0,21.0,21.0,11.0,2.0,5.0,2.0,0.0,58.0,38.0,25.0,8.0,11.0,1.0,5.0,33.0,910.0,35.0,856.0,2006
2006-451,Doha,2006-01-02,A,Hard,32,5,3,R32,102450,Tim Henman,R,GBR,31.3,104755,Richard Gasquet,R,FRA,19.5,6-4 6-4,98.0,2.0,2.0,75.0,50.0,38.0,10.0,10.0,4.0,5.0,2.0,2.0,73.0,48.0,28.0,14.0,10.0,9.0,12.0,36.0,850.0,16.0,1506.0,2006
2006-451,Doha,2006-01-02,A,Hard,32,6,3,R32,103163,Tommy Haas,R,GER,27.7,104527,Stan Wawrinka,R,SUI,20.7,5-7 6-2 7-5,147.0,5.0,4.0,99.0,55.0,37.0,24.0,16.0,2.0,5.0,4.0,8.0,116.0,62.0,39.0,26.0,16.0,10.0,15.0,45.0,755.0,54.0,675.0,2006
2006-451,Doha,2006-01-02,A,Hard,32,7,3,R32,104022,Mikhail Youzhny,R,RUS,23.5,102035,Jonas Bjorkman,R,SWE,33.7,1-6 6-3 6-4,103.0,7.0,9.0,89.0,45.0,32.0,17.0,13.0,5.0,10.0,3.0,6.0,83.0,54.0,35.0,9.0,13.0,5.0,10.0,43.0,775.0,62.0,588.0,2006
2006-451,Doha,2006-01-02,A,Hard,32,8,3,R32,102106,Davide Sanguinetti,R,ITA,33.3,103694,Olivier Rochus,R,BEL,24.9,2-6 7-6(4) 7-6(5),166.0,18.0,3.0,135.0,72.0,55.0,25.0,16.0,16.0,21.0,0.0,2.0,110.0,69.0,46.0,22.0,16.0,2.0,5.0,44.0,773.0,27.0,1110.0,2006
2006-451,Doha,2006-01-02,A,Hard,32,9,3,R32,104792,Gael Monfils,R,FRA,19.3,102720,Tomas Zib,R,CZE,29.9,7-5 6-4,81.0,11.0,1.0,61.0,32.0,27.0,16.0,11.0,0.0,1.0,0.0,1.0,62.0,37.0,22.0,15.0,11.0,4.0,7.0,30.0,979.0,59.0,611.0,2006
2006-451,Doha,2006-01-02,A,Hard,32,10,3,R32,103325,Wesley Moodie,R,RSA,26.8,103018,Max Mirnyi,R,BLR,28.4,6-4 4-6 7-6(3),132.0,13.0,3.0,94.0,66.0,50.0,17.0,16.0,2.0,5.0,15.0,9.0,111.0,72.0,56.0,14.0,16.0,10.0,13.0,63.0,583.0,34.0,905.0,2006
2006-451,Doha,2006-01-02,A,Hard,32,11,3,R32,104098,Dmitry Tursunov,R,RUS,23.0,104386,Janko Tipsarevic,R,SRB,21.5,7-5 6-2,85.0,5.0,2.0,63.0,31.0,21.0,20.0,10.0,5.0,6.0,3.0,0.0,77.0,40.0,26.0,16.0,10.0,5.0,9.0,60.0,600.0,140.0,299.0,2006
2006-451,Doha,2006-01-02,A,Hard,32,12,3,R32,101962,Younes El Aynaoui,R,MAR,34.3,103206,Sebastien Grosjean,R,FRA,27.5,6-4 6-4,80.0,4.0,2.0,58.0,34.0,26.0,11.0,10.0,1.0,3.0,3.0,1.0,52.0,32.0,23.0,7.0,10.0,2.0,6.0,228.0,158.0,25.0,1135.0,2006
2006-451,Doha,2006-01-02,A,Hard,32,13,3,R32,103808,Potito Starace,R,ITA,24.4,104214,Igor Andreev,R,RUS,22.4,7-5 1-6 7-5,130.0,5.0,4.0,99.0,63.0,43.0,14.0,15.0,7.0,11.0,6.0,4.0,90.0,59.0,44.0,13.0,16.0,2.0,6.0,105.0,408.0,26.0,1120.0,2006
2006-451,Doha,2006-01-02,A,Hard,32,14,3,R32,103835,Filippo Volandri,R,ITA,24.3,103917,Nicolas Mahut,R,FRA,23.9,6-4 6-4,80.0,0.0,1.0,66.0,43.0,30.0,13.0,10.0,7.0,9.0,2.0,2.0,63.0,40.0,24.0,9.0,10.0,6.0,10.0,38.0,836.0,135.0,309.0,2006
2006-451,Doha,2006-01-02,A,Hard,32,15,3,R32,103503,Robin Vik,R,CZE,25.9,102318,Andrei Pavel,R,ROU,31.9,2-6 7-6(2) 7-6(1),145.0,7.0,4.0,109.0,85.0,54.0,11.0,16.0,3.0,8.0,1.0,3.0,109.0,79.0,48.0,18.0,16.0,6.0,9.0,61.0,599.0,80.0,500.0,2006
2006-451,Doha,2006-01-02,A,Hard,32,16,3,R32,103786,Nikolay Davydenko,R,RUS,24.5,103294,Christophe Rochus,R,BEL,27.0,6-3 6-1,61.0,4.0,1.0,48.0,38.0,27.0,5.0,8.0,3.0,4.0,0.0,3.0,59.0,32.0,17.0,9.0,8.0,5.0,10.0,5.0,2390.0,41.0,795.0,2006
2006-451,Doha,2006-01-02,A,Hard,32,17,3,R16,103819,Roger Federer,R,SUI,24.4,102148,Fabrice Santoro,R,FRA,33.0,7-6(2) 7-6(5),95.0,11.0,0.0,74.0,57.0,44.0,12.0,12.0,0.0,0.0,4.0,2.0,92.0,59.0,42.0,20.0,12.0,6.0,6.0,1.0,6725.0,58.0,615.0,2006
2006-451,Doha,2006-01-02,A,Hard,32,18,3,R16,104571,Marcos Baghdatis,R,CYP,20.5,103852,Feliciano Lopez,L,ESP,24.2,6-2 3-6 7-5,112.0,10.0,3.0,86.0,54.0,41.0,20.0,14.0,5.0,6.0,7.0,9.0,95.0,55.0,41.0,19.0,15.0,7.0,10.0,55.0,634.0,33.0,910.0,2006
2006-451,Doha,2006-01-02,A,Hard,32,19,3,R16,103163,Tommy Haas,R,GER,27.7,102450,Tim Henman,R,GBR,31.3,6-2 7-6(5),101.0,7.0,0.0,58.0,43.0,33.0,11.0,10.0,0.0,0.0,3.0,4.0,85.0,44.0,34.0,15.0,10.0,9.0,11.0,45.0,755.0,36.0,850.0,2006
2006-451,Doha,2006-01-02,A,Hard,32,20,3,R16,104022,Mikhail Youzhny,R,RUS,23.5,102106,Davide Sanguinetti,R,ITA,33.3,6-2 6-3,76.0,0.0,1.0,55.0,31.0,23.0,15.0,9.0,1.0,1.0,3.0,1.0,55.0,38.0,24.0,5.0,8.0,5.0,8.0,43.0,775.0,44.0,773.0,2006
2006-451,Doha,2006-01-02,A,Hard,32,21,3,R16,104792,Gael Monfils,R,FRA,19.3,103325,Wesley Moodie,R,RSA,26.8,7-6(3) 6-4,91.0,4.0,1.0,64.0,37.0,31.0,16.0,11.0,0.0,1.0,3.0,2.0,63.0,45.0,31.0,12.0,11.0,0.0,2.0,30.0,979.0,63.0,583.0,2006
2006-451,Doha,2006-01-02,A,Hard,32,22,3,R16,104098,Dmitry Tursunov,R,RUS,23.0,101962,Younes El Aynaoui,R,MAR,34.3,7-6(1) 6-2,97.0,7.0,2.0,74.0,40.0,31.0,16.0,10.0,9.0,10.0,5.0,4.0,65.0,31.0,23.0,14.0,10.0,2.0,5.0,60.0,600.0,228.0,158.0,2006
2006-451,Doha,2006-01-02,A,Hard,32,23,3,R16,103835,Filippo Volandri,R,ITA,24.3,103808,Potito Starace,R,ITA,24.4,6-4 6-3,78.0,1.0,3.0,52.0,35.0,26.0,10.0,9.0,0.0,1.0,1.0,1.0,72.0,45.0,25.0,14.0,10.0,6.0,10.0,38.0,836.0,105.0,408.0,2006
2006-451,Doha,2006-01-02,A,Hard,32,24,3,R16,103786,Nikolay Davydenko,R,RUS,24.5,103503,Robin Vik,R,CZE,25.9,6-3 6-4,91.0,2.0,2.0,52.0,36.0,27.0,10.0,9.0,4.0,5.0,2.0,2.0,80.0,51.0,31.0,12.0,10.0,5.0,9.0,5.0,2390.0,61.0,599.0,2006
2006-451,Doha,2006-01-02,A,Hard,32,25,3,QF,103819,Roger Federer,R,SUI,24.4,104571,Marcos Baghdatis,R,CYP,20.5,6-4 6-3,69.0,3.0,1.0,61.0,43.0,31.0,11.0,10.0,3.0,4.0,4.0,2.0,53.0,38.0,26.0,5.0,9.0,5.0,8.0,1.0,6725.0,55.0,634.0,2006
2006-451,Doha,2006-01-02,A,Hard,32,26,3,QF,103163,Tommy Haas,R,GER,27.7,104022,Mikhail Youzhny,R,RUS,23.5,6-4 6-3,81.0,1.0,2.0,64.0,43.0,28.0,10.0,10.0,6.0,9.0,2.0,5.0,65.0,27.0,17.0,15.0,9.0,7.0,12.0,45.0,755.0,43.0,775.0,2006
2006-451,Doha,2006-01-02,A,Hard,32,27,3,QF,104792,Gael Monfils,R,FRA,19.3,104098,Dmitry Tursunov,R,RUS,23.0,6-2 7-6(4),101.0,4.0,4.0,71.0,36.0,23.0,17.0,10.0,3.0,7.0,5.0,1.0,72.0,45.0,25.0,12.0,10.0,5.0,11.0,30.0,979.0,60.0,600.0,2006
2006-451,Doha,2006-01-02,A,Hard,32,28,3,QF,103835,Filippo Volandri,R,ITA,24.3,103786,Nikolay Davydenko,R,RUS,24.5,6-3 6-4,89.0,0.0,7.0,76.0,45.0,32.0,16.0,10.0,6.0,7.0,1.0,3.0,60.0,32.0,20.0,14.0,9.0,4.0,7.0,38.0,836.0,5.0,2390.0,2006
2006-451,Doha,2006-01-02,A,Hard,32,29,3,SF,103819,Roger Federer,R,SUI,24.4,103163,Tommy Haas,R,GER,27.7,6-3 6-3,70.0,3.0,3.0,55.0,26.0,21.0,19.0,9.0,0.0,0.0,2.0,1.0,49.0,32.0,21.0,8.0,9.0,3.0,6.0,1.0,6725.0,45.0,755.0,2006
2006-451,Doha,2006-01-02,A,Hard,32,30,3,SF,104792,Gael Monfils,R,FRA,19.3,103835,Filippo Volandri,R,ITA,24.3,6-3 6-4,69.0,8.0,3.0,63.0,36.0,22.0,18.0,10.0,2.0,4.0,0.0,0.0,53.0,38.0,21.0,8.0,9.0,2.0,6.0,30.0,979.0,38.0,836.0,2006
2006-451,Doha,2006-01-02,A,Hard,32,31,3,F,103819,Roger Federer,R,SUI,24.4,104792,Gael Monfils,R,FRA,19.3,6-3 7-6(5),115.0,2.0,0.0,69.0,40.0,28.0,18.0,11.0,4.0,6.0,12.0,8.0,96.0,47.0,31.0,20.0,10.0,12.0,15.0,1.0,6725.0,30.0,979.0,2006
2006-2205,Noumea CH,2006-01-02,C,Hard,32,1,3,R32,104468,Gilles Simon,R,FRA,21.0,102770,John Van Lottum,R,NED,29.7,6-4 6-3,,,,,,,,,,,,,,,,,,,,124.0,365.0,532.0,42.0,2006
2006-2205,Noumea CH,2006-01-02,C,Hard,32,2,3,R32,103188,Michael Russell,R,USA,27.6,103420,Michal Tabara,R,CZE,26.3,7-6(3) 6-3,,,,,,,,,,,,,,,,,,,,256.0,137.0,174.0,224.0,2006
2006-2205,Noumea CH,2006-01-02,C,Hard,32,3,3,R32,102999,Stefano Galvani,R,ITA,28.5,103845,Lesley Joseph,U,USA,24.3,6-0 6-3,,,,,,,,,,,,,,,,,,,,199.0,196.0,254.0,138.0,2006
2006-2205,Noumea CH,2006-01-02,C,Hard,32,4,3,R32,103716,Uros Vico,R,ITA,24.8,103709,Kristian Pless,R,DEN,24.8,1-6 6-4 6-3,,,,,,,,,,,,,,,,,,,,207.0,180.0,155.0,269.0,2006
2006-2205,Noumea CH,2006-01-02,C,Hard,32,5,3,R32,103369,Melle Van Gemerden,R,NED,26.6,104639,Wayne Odesnik,L,USA,20.1,6-1 6-3,,,,,,,,,,,,,,,,,,,,144.0,293.0,265.0,130.0,2006
2006-2205,Noumea CH,2006-01-02,C,Hard,32,6,3,R32,103747,Dominik Meffert,R,GER,24.7,104808,Philippe Frayssinoux,R,FRA,19.2,6-2 6-4,,,,,,,,,,,,,,,,,,,,281.0,122.0,1497.0,1.0,2006
2006-2205,Noumea CH,2006-01-02,C,Hard,32,7,3,R32,103520,Pavel Snobel,L,CZE,25.8,103967,Michael Lammer,R,SUI,23.7,6-2 6-3,,,,,,,,,,,,,,,,,,,,229.0,158.0,221.0,163.0,2006
2006-2205,Noumea CH,2006-01-02,C,Hard,32,8,3,R32,104229,Yen Hsun Lu,R,TPE,22.3,102143,Nicolas Thomann,R,FRA,33.0,2-6 7-6(4) 6-4,,,,,,,,,,,,,,,,,,,,159.0,264.0,194.0,200.0,2006
2006-2205,Noumea CH,2006-01-02,C,Hard,32,9,3,R32,104025,Amer Delic,R,BIH,23.5,104004,Filip Prpic,R,SWE,23.6,7-6(2) 3-6 6-4,,,,,,,,,,,,,,,,,,,,165.0,237.0,244.0,146.0,2006
2006-2205,Noumea CH,2006-01-02,C,Hard,32,10,3,R32,104515,Mathieu Montcourt,R,FRA,20.8,103823,Denis Gremelmayr,L,GER,24.3,7-6(4) 6-0,,,,,,,,,,,,,,,,,,,,247.0,144.0,181.0,218.0,2006
2006-2205,Noumea CH,2006-01-02,C,Hard,32,11,3,R32,104166,Alex Bogomolov Jr,R,RUS,22.6,103030,Norikazu Sugiyama,R,JPN,28.4,7-6(6) 6-4,,,,,,,,,,,,,,,,,,,,217.0,168.0,383.0,78.0,2006
2006-2205,Noumea CH,2006-01-02,C,Hard,32,12,3,R32,104154,Paul Capdeville,R,CHI,22.7,109277,Pierre Henri Guillaume,U,FRA,,6-4 6-4,,,,,,,,,,,,,,,,,,,,149.0,278.0,,,2006
2006-2205,Noumea CH,2006-01-02,C,Hard,32,13,3,R32,103849,Francesco Aldi,R,ITA,24.2,103902,Jan Mertl,R,CZE,23.9,6-3 6-2,,,,,,,,,,,,,,,,,,,,166.0,234.0,204.0,183.0,2006
2006-2205,Noumea CH,2006-01-02,C,Hard,32,14,3,R32,102851,Giorgio Galimberti,R,ITA,29.3,102945,Luke Bourgeois,R,AUS,28.8,6-2 7-6(1),,,,,,,,,,,,,,,,,,,,191.0,204.0,333.0,93.0,2006
2006-2205,Noumea CH,2006-01-02,C,Hard,32,15,3,R32,103573,Rik De Voest,R,RSA,25.5,103646,Lars Uebel,R,GER,25.2,7-5 6-1,,,,,,,,,,,,,,,,,,,,183.0,217.0,249.0,143.0,2006
2006-2205,Noumea CH,2006-01-02,C,Hard,32,16,3,R32,103623,Jacob Adaktusson,R,SWE,25.3,102694,Lars Burgsmuller,R,GER,30.0,7-5 6-4,,,,,,,,,,,,,,,,,,,,276.0,124.0,142.0,295.0,2006
2006-2205,Noumea CH,2006-01-02,C,Hard,32,17,3,R16,104468,Gilles Simon,R,FRA,21.0,103188,Michael Russell,R,USA,27.6,4-6 6-3 6-1,,,,,,,,,,,,,,,,,,,,124.0,365.0,256.0,137.0,2006
2006-2205,Noumea CH,2006-01-02,C,Hard,32,18,3,R16,102999,Stefano Galvani,R,ITA,28.5,103716,Uros Vico,R,ITA,24.8,3-6 6-1 7-5,,,,,,,,,,,,,,,,,,,,199.0,196.0,207.0,180.0,2006
2006-2205,Noumea CH,2006-01-02,C,Hard,32,19,3,R16,103369,Melle Van Gemerden,R,NED,26.6,103747,Dominik Meffert,R,GER,24.7,6-4 6-2,,,,,,,,,,,,,,,,,,,,144.0,293.0,281.0,122.0,2006
2006-2205,Noumea CH,2006-01-02,C,Hard,32,20,3,R16,103520,Pavel Snobel,L,CZE,25.8,104229,Yen Hsun Lu,R,TPE,22.3,6-3 1-6 6-3,,,,,,,,,,,,,,,,,,,,229.0,158.0,159.0,264.0,2006
2006-2205,Noumea CH,2006-01-02,C,Hard,32,21,3,R16,104515,Mathieu Montcourt,R,FRA,20.8,104025,Amer Delic,R,BIH,23.5,7-6(2) 2-6 6-4,,,,,,,,,,,,,,,,,,,,247.0,144.0,165.0,237.0,2006
2006-2205,Noumea CH,2006-01-02,C,Hard,32,22,3,R16,104166,Alex Bogomolov Jr,R,RUS,22.6,104154,Paul Capdeville,R,CHI,22.7,6-3 7-6(5),,,,,,,,,,,,,,,,,,,,217.0,168.0,149.0,278.0,2006
2006-2205,Noumea CH,2006-01-02,C,Hard,32,23,3,R16,103849,Francesco Aldi,R,ITA,24.2,102851,Giorgio Galimberti,R,ITA,29.3,6-2 6-3,,,,,,,,,,,,,,,,,,,,166.0,234.0,191.0,204.0,2006
2006-2205,Noumea CH,2006-01-02,C,Hard,32,24,3,R16,103573,Rik De Voest,R,RSA,25.5,103623,Jacob Adaktusson,R,SWE,25.3,6-2 6-3,,,,,,,,,,,,,,,,,,,,183.0,217.0,276.0,124.0,2006
2006-2205,Noumea CH,2006-01-02,C,Hard,32,25,3,QF,104468,Gilles Simon,R,FRA,21.0,102999,Stefano Galvani,R,ITA,28.5,6-1 6-1,,,,,,,,,,,,,,,,,,,,124.0,365.0,199.0,196.0,2006
2006-2205,Noumea CH,2006-01-02,C,Hard,32,26,3,QF,103369,Melle Van Gemerden,R,NED,26.6,103520,Pavel Snobel,L,CZE,25.8,6-2 7-5,,,,,,,,,,,,,,,,,,,,144.0,293.0,229.0,158.0,2006
2006-2205,Noumea CH,2006-01-02,C,Hard,32,27,3,QF,104515,Mathieu Montcourt,R,FRA,20.8,104166,Alex Bogomolov Jr,R,RUS,22.6,6-3 6-4,,,,,,,,,,,,,,,,,,,,247.0,144.0,217.0,168.0,2006
2006-2205,Noumea CH,2006-01-02,C,Hard,32,28,3,QF,103573,Rik De Voest,R,RSA,25.5,103849,Francesco Aldi,R,ITA,24.2,6-3 6-1,,,,,,,,,,,,,,,,,,,,183.0,217.0,166.0,234.0,2006
2006-2205,Noumea CH,2006-01-02,C,Hard,32,29,3,SF,104468,Gilles Simon,R,FRA,21.0,103369,Melle Van Gemerden,R,NED,26.6,7-5 6-1,,,,,,,,,,,,,,,,,,,,124.0,365.0,144.0,293.0,2006
2006-2205,Noumea CH,2006-01-02,C,Hard,32,30,3,SF,103573,Rik De Voest,R,RSA,25.5,104515,Mathieu Montcourt,R,FRA,20.8,6-2 4-6 7-5,,,,,,,,,,,,,,,,,,,,183.0,217.0,247.0,144.0,2006
2006-2205,Noumea CH,2006-01-02,C,Hard,32,31,3,F,104468,Gilles Simon,R,FRA,21.0,103573,Rik De Voest,R,RSA,25.5,6-2 5-7 6-2,,,,,,,,,,,,,,,,,,,,124.0,365.0,183.0,217.0,2006
2006-746,Sao Paulo1 CH,2006-01-02,C,Hard,32,1,3,R32,104122,Carlos Berlocq,R,ARG,22.9,103634,Emiliano Redondi,R,ARG,25.2,6-1 6-1,,,,,,,,,,,,,,,,,,,,79.0,502.0,440.0,59.0,2006
2006-746,Sao Paulo1 CH,2006-01-02,C,Hard,32,2,3,R32,103397,Alexandre Simoni,R,BRA,26.5,109067,Luiz Miotto,U,BRA,18.6,6-0 6-0,,,,,,,,,,,,,,,,,,,,465.0,55.0,1497.0,1.0,2006
2006-746,Sao Paulo1 CH,2006-01-02,C,Hard,32,3,3,R32,104007,Andre Ghem,R,BRA,23.5,104208,Damian Patriarca,R,ARG,22.5,6-1 6-2,,,,,,,,,,,,,,,,,,,,344.0,90.0,290.0,116.0,2006
2006-746,Sao Paulo1 CH,2006-01-02,C,Hard,32,4,3,R32,103373,Sergio Roitman,R,ARG,26.6,103883,Lucas Engel,U,BRA,24.0,6-4 6-3,,,,,,,,,,,,,,,,,,,,169.0,232.0,328.0,95.0,2006
2006-746,Sao Paulo1 CH,2006-01-02,C,Hard,32,5,3,R32,103999,Thiago Alves,R,BRA,23.6,103473,Rodrigo Grilli,R,BRA,26.1,6-4 4-3 RET,,,,,,,,,,,,,,,,,,,,152.0,271.0,540.0,41.0,2006
2006-746,Sao Paulo1 CH,2006-01-02,C,Hard,32,6,3,R32,103701,Diego Hartfield,R,ARG,24.9,109068,Bruno Calabro,R,BRA,19.0,6-3 6-1,,,,,,,,,,,,,,,,,,,,220.0,164.0,,,2006
2006-746,Sao Paulo1 CH,2006-01-02,C,Hard,32,7,3,R32,103506,Martin Vassallo Arguello,R,ARG,25.8,104392,Franco Ferreiro,R,BRA,21.5,2-6 6-2 6-2,,,,,,,,,,,,,,,,,,,,223.0,162.0,242.0,148.0,2006
2006-746,Sao Paulo1 CH,2006-01-02,C,Hard,32,8,3,R32,103395,Julio Silva,R,BRA,26.5,104249,Marcelo Melo,R,BRA,22.2,6-1 6-4,,,,,,,,,,,,,,,,,,,,175.0,223.0,324.0,99.0,2006
2006-746,Sao Paulo1 CH,2006-01-02,C,Hard,32,9,3,R32,104117,Giovanni Lapentti,R,ECU,22.9,105154,Joao Souza,R,BRA,17.6,6-2 6-0,,,,,,,,,,,,,,,,,,,,188.0,208.0,907.0,11.0,2006
2006-746,Sao Paulo1 CH,2006-01-02,C,Hard,32,10,3,R32,103975,Eric Nunez,R,USA,23.7,104140,Dawid Olejniczak,R,POL,22.8,6-1 7-6(5),,,,,,,,,,,,,,,,,,,,351.0,88.0,340.0,91.0,2006
2006-746,Sao Paulo1 CH,2006-01-02,C,Hard,32,11,3,R32,104477,Jorge Aguilar,R,CHI,20.9,104080,Alejandro Fabbri,U,ARG,23.1,6-3 3-6 7-5,,,,,,,,,,,,,,,,,,,,403.0,70.0,538.0,42.0,2006
2006-746,Sao Paulo1 CH,2006-01-02,C,Hard,32,12,3,R32,102811,Dusan Vemic,R,SRB,29.5,103505,Vasilis Mazarakis,R,GRE,25.8,4-6 2-2 RET,,,,,,,,,,,,,,,,,,,,246.0,145.0,118.0,375.0,2006
2006-746,Sao Paulo1 CH,2006-01-02,C,Hard,32,13,3,R32,103657,Ivo Klec,R,SVK,25.0,103762,John Paul Fruttero,R,USA,24.6,6-2 7-5,,,,,,,,,,,,,,,,,,,,293.0,115.0,187.0,210.0,2006
2006-746,Sao Paulo1 CH,2006-01-02,C,Hard,32,14,3,R32,103675,Diego Junqueira,L,ARG,25.0,104138,Henry Adjei Darko,U,GHA,22.8,7-6(1) 6-4,,,,,,,,,,,,,,,,,,,,234.0,153.0,278.0,123.0,2006
2006-746,Sao Paulo1 CH,2006-01-02,C,Hard,32,15,3,R32,104216,Maximo Gonzalez,R,ARG,22.4,104680,Bruno Rosa,R,BRA,19.8,6-4 7-5,,,,,,,,,,,,,,,,,,,,212.0,172.0,408.0,69.0,2006
2006-746,Sao Paulo1 CH,2006-01-02,C,Hard,32,16,3,R32,103581,Flavio Saretta,R,BRA,25.5,104291,Malek Jaziri,R,TUN,21.9,6-3 6-3,,,,,,,,,,,,,,,,,,,,109.0,402.0,330.0,94.0,2006
2006-746,Sao Paulo1 CH,2006-01-02,C,Hard,32,17,3,R16,103397,Alexandre Simoni,R,BRA,26.5,104122,Carlos Berlocq,R,ARG,22.9,6-3 6-3,,,,,,,,,,,,,,,,,,,,465.0,55.0,79.0,502.0,2006
2006-746,Sao Paulo1 CH,2006-01-02,C,Hard,32,18,3,R16,103373,Sergio Roitman,R,ARG,26.6,104007,Andre Ghem,R,BRA,23.5,6-4 6-3,,,,,,,,,,,,,,,,,,,,169.0,232.0,344.0,90.0,2006
2006-746,Sao Paulo1 CH,2006-01-02,C,Hard,32,19,3,R16,103999,Thiago Alves,R,BRA,23.6,103701,Diego Hartfield,R,ARG,24.9,6-2 6-1,,,,,,,,,,,,,,,,,,,,152.0,271.0,220.0,164.0,2006
2006-746,Sao Paulo1 CH,2006-01-02,C,Hard,32,20,3,R16,103506,Martin Vassallo Arguello,R,ARG,25.8,103395,Julio Silva,R,BRA,26.5,6-2 5-7 7-5,,,,,,,,,,,,,,,,,,,,223.0,162.0,175.0,223.0,2006
2006-746,Sao Paulo1 CH,2006-01-02,C,Hard,32,21,3,R16,103975,Eric Nunez,R,USA,23.7,104117,Giovanni Lapentti,R,ECU,22.9,6-4 6-3,,,,,,,,,,,,,,,,,,,,351.0,88.0,188.0,208.0,2006
2006-746,Sao Paulo1 CH,2006-01-02,C,Hard,32,22,3,R16,104477,Jorge Aguilar,R,CHI,20.9,102811,Dusan Vemic,R,SRB,29.5,6-1 7-6(4),,,,,,,,,,,,,,,,,,,,403.0,70.0,246.0,145.0,2006
2006-746,Sao Paulo1 CH,2006-01-02,C,Hard,32,23,3,R16,103657,Ivo Klec,R,SVK,25.0,103675,Diego Junqueira,L,ARG,25.0,6-2 6-1,,,,,,,,,,,,,,,,,,,,293.0,115.0,234.0,153.0,2006
2006-746,Sao Paulo1 CH,2006-01-02,C,Hard,32,24,3,R16,103581,Flavio Saretta,R,BRA,25.5,104216,Maximo Gonzalez,R,ARG,22.4,6-2 7-5,,,,,,,,,,,,,,,,,,,,109.0,402.0,212.0,172.0,2006
2006-746,Sao Paulo1 CH,2006-01-02,C,Hard,32,25,3,QF,103373,Sergio Roitman,R,ARG,26.6,103397,Alexandre Simoni,R,BRA,26.5,6-2 7-5,,,,,,,,,,,,,,,,,,,,169.0,232.0,465.0,55.0,2006
2006-746,Sao Paulo1 CH,2006-01-02,C,Hard,32,26,3,QF,103999,Thiago Alves,R,BRA,23.6,103506,Martin Vassallo Arguello,R,ARG,25.8,6-2 5-3 RET,,,,,,,,,,,,,,,,,,,,152.0,271.0,223.0,162.0,2006
2006-746,Sao Paulo1 CH,2006-01-02,C,Hard,32,27,3,QF,103975,Eric Nunez,R,USA,23.7,104477,Jorge Aguilar,R,CHI,20.9,6-2 6-3,,,,,,,,,,,,,,,,,,,,351.0,88.0,403.0,70.0,2006
2006-746,Sao Paulo1 CH,2006-01-02,C,Hard,32,28,3,QF,103581,Flavio Saretta,R,BRA,25.5,103657,Ivo Klec,R,SVK,25.0,6-4 7-5,,,,,,,,,,,,,,,,,,,,109.0,402.0,293.0,115.0,2006
2006-746,Sao Paulo1 CH,2006-01-02,C,Hard,32,29,3,SF,103999,Thiago Alves,R,BRA,23.6,103373,Sergio Roitman,R,ARG,26.6,1-6 6-2 7-5,,,,,,,,,,,,,,,,,,,,152.0,271.0,169.0,232.0,2006
2006-746,Sao Paulo1 CH,2006-01-02,C,Hard,32,30,3,SF,103581,Flavio Saretta,R,BRA,25.5,103975,Eric Nunez,R,USA,23.7,6-4 6-4,,,,,,,,,,,,,,,,,,,,109.0,402.0,351.0,88.0,2006
2006-746,Sao Paulo1 CH,2006-01-02,C,Hard,32,31,3,F,103581,Flavio Saretta,R,BRA,25.5,103999,Thiago Alves,R,BRA,23.6,7-6(2) 6-3,,,,,,,,,,,,,,,,,,,,109.0,402.0,152.0,271.0,2006
2006-301,Auckland,2006-01-09,A,Hard,32,1,3,R32,103602,Fernando Gonzalez,R,CHI,25.4,103632,Luis Horna,R,PER,25.3,6-3 6-4,65.0,13.0,7.0,55.0,26.0,23.0,17.0,10.0,1.0,2.0,2.0,4.0,53.0,34.0,20.0,12.0,9.0,2.0,5.0,11.0,1790.0,85.0,492.0,2006
2006-301,Auckland,2006-01-09,A,Hard,32,2,3,R32,104371,Ivo Minar,R,CZE,21.6,103325,Wesley Moodie,R,RSA,26.9,2-1 RET,14.0,1.0,1.0,22.0,14.0,12.0,1.0,2.0,4.0,4.0,0.0,1.0,5.0,3.0,3.0,1.0,1.0,0.0,0.0,73.0,518.0,59.0,603.0,2006
2006-301,Auckland,2006-01-09,A,Hard,32,3,3,R32,104918,Andy Murray,R,GBR,18.6,102202,Kenneth Carlsen,L,DEN,32.7,7-5 6-2,105.0,5.0,8.0,65.0,35.0,22.0,16.0,10.0,4.0,7.0,1.0,4.0,72.0,36.0,18.0,16.0,10.0,9.0,15.0,62.0,582.0,61.0,590.0,2006
2006-301,Auckland,2006-01-09,A,Hard,32,4,3,R32,104339,Mario Ancic,R,CRO,21.7,103066,Mark Nielsen,R,NZL,28.2,6-1 6-2,77.0,10.0,1.0,48.0,23.0,18.0,18.0,8.0,2.0,2.0,1.0,1.0,60.0,46.0,22.0,7.0,7.0,5.0,9.0,21.0,1360.0,309.0,105.0,2006
2006-301,Auckland,2006-01-09,A,Hard,32,5,3,R32,103252,Alberto Martin,R,ESP,27.3,104068,Robby Ginepri,R,USA,23.2,7-6(1) 3-6 6-2,113.0,3.0,5.0,90.0,53.0,35.0,18.0,15.0,4.0,10.0,4.0,1.0,94.0,53.0,32.0,18.0,14.0,9.0,15.0,49.0,711.0,16.0,1520.0,2006
2006-301,Auckland,2006-01-09,A,Hard,32,6,3,R32,104527,Stan Wawrinka,R,SUI,20.7,102720,Tomas Zib,R,CZE,29.9,6-3 6-4,76.0,8.0,2.0,67.0,42.0,33.0,12.0,10.0,1.0,2.0,3.0,1.0,62.0,33.0,21.0,15.0,9.0,4.0,7.0,54.0,665.0,69.0,544.0,2006
2006-301,Auckland,2006-01-09,A,Hard,32,7,3,R32,104252,Florian Mayer,R,GER,22.2,104368,Daniel King Turner,R,NZL,21.6,6-2 6-2,63.0,2.0,1.0,41.0,25.0,23.0,10.0,8.0,1.0,1.0,3.0,4.0,67.0,42.0,24.0,9.0,8.0,3.0,7.0,72.0,519.0,673.0,25.0,2006
2006-301,Auckland,2006-01-09,A,Hard,32,8,3,R32,103503,Robin Vik,R,CZE,25.9,103852,Feliciano Lopez,L,ESP,24.3,7-6(6) 6-1,81.0,6.0,7.0,67.0,38.0,29.0,15.0,9.0,5.0,7.0,3.0,5.0,80.0,46.0,28.0,13.0,10.0,10.0,15.0,57.0,615.0,34.0,900.0,2006
2006-301,Auckland,2006-01-09,A,Hard,32,9,3,R32,103813,Jarkko Nieminen,L,FIN,24.4,104571,Marcos Baghdatis,R,CYP,20.5,6-2 6-2,51.0,2.0,0.0,42.0,29.0,22.0,11.0,8.0,0.0,0.0,3.0,6.0,49.0,27.0,19.0,5.0,8.0,6.0,10.0,29.0,1070.0,52.0,684.0,2006
2006-301,Auckland,2006-01-09,A,Hard,32,10,3,R32,102834,Paul Goldstein,R,USA,29.4,103835,Filippo Volandri,R,ITA,24.3,6-0 3-1 RET,39.0,1.0,0.0,27.0,13.0,10.0,10.0,5.0,0.0,0.0,0.0,4.0,40.0,26.0,14.0,3.0,5.0,6.0,10.0,66.0,564.0,32.0,910.0,2006
2006-301,Auckland,2006-01-09,A,Hard,32,11,3,R32,103294,Christophe Rochus,R,BEL,27.0,104076,Jose Acasuso,R,ARG,23.2,6-4 6-4,66.0,1.0,3.0,64.0,44.0,35.0,9.0,10.0,9.0,10.0,9.0,3.0,54.0,30.0,21.0,12.0,10.0,3.0,6.0,44.0,795.0,42.0,803.0,2006
2006-301,Auckland,2006-01-09,A,Hard,32,12,3,R32,103454,Nicolas Massu,R,CHI,26.2,103103,Dominik Hrbaty,R,SVK,28.0,6-2 6-4,91.0,6.0,0.0,55.0,30.0,22.0,16.0,9.0,1.0,2.0,3.0,4.0,70.0,27.0,16.0,19.0,9.0,5.0,9.0,65.0,565.0,15.0,1540.0,2006
2006-301,Auckland,2006-01-09,A,Hard,32,13,3,R32,103694,Olivier Rochus,R,BEL,24.9,103656,Albert Montanes,R,ESP,25.1,6-2 6-4,60.0,3.0,0.0,47.0,29.0,20.0,15.0,9.0,3.0,4.0,6.0,6.0,63.0,35.0,23.0,10.0,9.0,3.0,7.0,27.0,1090.0,71.0,536.0,2006
2006-301,Auckland,2006-01-09,A,Hard,32,14,3,R32,103401,Jan Hernych,R,CZE,26.5,102318,Andrei Pavel,R,ROU,31.9,6-1 6-2,53.0,2.0,0.0,60.0,47.0,29.0,11.0,8.0,5.0,5.0,0.0,0.0,46.0,35.0,17.0,4.0,7.0,4.0,8.0,74.0,515.0,82.0,500.0,2006
2006-301,Auckland,2006-01-09,A,Hard,32,15,3,R32,103171,Raemon Sluiter,R,NED,27.7,103110,Daniele Bracciali,R,ITA,27.9,6-3 6-4,63.0,13.0,1.0,47.0,26.0,25.0,16.0,10.0,0.0,0.0,5.0,5.0,62.0,24.0,17.0,19.0,9.0,4.0,6.0,104.0,407.0,83.0,498.0,2006
2006-301,Auckland,2006-01-09,A,Hard,32,16,3,R32,103970,David Ferrer,R,ESP,23.7,103487,Federico Luzzi,R,ITA,26.0,7-5 6-2,67.0,5.0,0.0,54.0,36.0,25.0,15.0,10.0,4.0,5.0,3.0,2.0,56.0,29.0,18.0,14.0,10.0,2.0,6.0,14.0,1620.0,176.0,219.0,2006
2006-301,Auckland,2006-01-09,A,Hard,32,17,3,R16,103602,Fernando Gonzalez,R,CHI,25.4,104371,Ivo Minar,R,CZE,21.6,6-1 6-4,56.0,6.0,8.0,57.0,30.0,23.0,12.0,9.0,3.0,5.0,1.0,3.0,46.0,20.0,13.0,8.0,8.0,3.0,8.0,11.0,1790.0,73.0,518.0,2006
2006-301,Auckland,2006-01-09,A,Hard,32,18,3,R16,104339,Mario Ancic,R,CRO,21.7,104918,Andy Murray,R,GBR,18.6,6-3 7-6(4),95.0,6.0,2.0,80.0,48.0,36.0,16.0,11.0,8.0,10.0,1.0,4.0,62.0,32.0,22.0,17.0,10.0,2.0,5.0,21.0,1360.0,62.0,582.0,2006
2006-301,Auckland,2006-01-09,A,Hard,32,19,3,R16,104527,Stan Wawrinka,R,SUI,20.7,103252,Alberto Martin,R,ESP,27.3,6-2 6-2,69.0,5.0,3.0,41.0,20.0,19.0,10.0,8.0,1.0,2.0,0.0,1.0,66.0,41.0,22.0,9.0,8.0,10.0,15.0,54.0,665.0,49.0,711.0,2006
2006-301,Auckland,2006-01-09,A,Hard,32,20,3,R16,104252,Florian Mayer,R,GER,22.2,103503,Robin Vik,R,CZE,25.9,6-2 6-2,56.0,1.0,1.0,46.0,25.0,16.0,14.0,8.0,1.0,2.0,0.0,1.0,48.0,25.0,11.0,10.0,8.0,3.0,8.0,72.0,519.0,57.0,615.0,2006
2006-301,Auckland,2006-01-09,A,Hard,32,21,3,R16,103813,Jarkko Nieminen,L,FIN,24.4,102834,Paul Goldstein,R,USA,29.4,6-4 6-3,74.0,5.0,0.0,56.0,39.0,29.0,11.0,10.0,1.0,2.0,3.0,2.0,59.0,36.0,22.0,11.0,9.0,2.0,5.0,29.0,1070.0,66.0,564.0,2006
2006-301,Auckland,2006-01-09,A,Hard,32,22,3,R16,103454,Nicolas Massu,R,CHI,26.2,103294,Christophe Rochus,R,BEL,27.0,6-4 6-2,85.0,9.0,4.0,58.0,33.0,25.0,13.0,9.0,1.0,2.0,2.0,0.0,65.0,45.0,26.0,8.0,9.0,8.0,12.0,65.0,565.0,44.0,795.0,2006
2006-301,Auckland,2006-01-09,A,Hard,32,23,3,R16,103694,Olivier Rochus,R,BEL,24.9,103401,Jan Hernych,R,CZE,26.5,6-1 7-5,93.0,1.0,2.0,72.0,44.0,27.0,15.0,9.0,5.0,7.0,7.0,2.0,91.0,62.0,35.0,8.0,10.0,7.0,13.0,27.0,1090.0,74.0,515.0,2006
2006-301,Auckland,2006-01-09,A,Hard,32,24,3,R16,103970,David Ferrer,R,ESP,23.7,103171,Raemon Sluiter,R,NED,27.7,6-4 6-3,65.0,4.0,2.0,65.0,40.0,29.0,15.0,10.0,4.0,5.0,1.0,3.0,47.0,24.0,15.0,12.0,9.0,1.0,4.0,14.0,1620.0,104.0,407.0,2006
2006-301,Auckland,2006-01-09,A,Hard,32,25,3,QF,104339,Mario Ancic,R,CRO,21.7,103602,Fernando Gonzalez,R,CHI,25.4,6-0 6-3,53.0,6.0,1.0,48.0,35.0,27.0,8.0,8.0,5.0,5.0,2.0,5.0,39.0,23.0,14.0,4.0,7.0,4.0,8.0,21.0,1360.0,11.0,1790.0,2006
2006-301,Auckland,2006-01-09,A,Hard,32,26,3,QF,104527,Stan Wawrinka,R,SUI,20.7,104252,Florian Mayer,R,GER,22.2,6-3 6-4,64.0,4.0,7.0,54.0,26.0,23.0,17.0,10.0,0.0,0.0,3.0,0.0,63.0,37.0,26.0,13.0,9.0,7.0,9.0,54.0,665.0,72.0,519.0,2006
2006-301,Auckland,2006-01-09,A,Hard,32,27,3,QF,103813,Jarkko Nieminen,L,FIN,24.4,103454,Nicolas Massu,R,CHI,26.2,6-3 7-6(4),92.0,1.0,1.0,75.0,55.0,41.0,11.0,10.0,1.0,1.0,6.0,3.0,56.0,34.0,24.0,15.0,11.0,0.0,2.0,29.0,1070.0,65.0,565.0,2006
2006-301,Auckland,2006-01-09,A,Hard,32,28,3,QF,103694,Olivier Rochus,R,BEL,24.9,103970,David Ferrer,R,ESP,23.7,6-2 6-0,50.0,0.0,0.0,35.0,22.0,18.0,11.0,7.0,0.0,0.0,2.0,2.0,43.0,27.0,14.0,4.0,7.0,4.0,9.0,27.0,1090.0,14.0,1620.0,2006
2006-301,Auckland,2006-01-09,A,Hard,32,29,3,SF,104339,Mario Ancic,R,CRO,21.7,104527,Stan Wawrinka,R,SUI,20.7,6-3 6-1,78.0,2.0,2.0,57.0,35.0,23.0,13.0,8.0,2.0,3.0,1.0,4.0,54.0,21.0,11.0,14.0,8.0,1.0,6.0,21.0,1360.0,54.0,665.0,2006
2006-301,Auckland,2006-01-09,A,Hard,32,30,3,SF,103813,Jarkko Nieminen,L,FIN,24.4,103694,Olivier Rochus,R,BEL,24.9,6-4 6-7(4) 7-6(4),172.0,10.0,5.0,166.0,116.0,70.0,22.0,17.0,15.0,21.0,5.0,2.0,122.0,73.0,41.0,28.0,17.0,8.0,15.0,29.0,1070.0,27.0,1090.0,2006
2006-301,Auckland,2006-01-09,A,Hard,32,31,3,F,103813,Jarkko Nieminen,L,FIN,24.4,104339,Mario Ancic,R,CRO,21.7,6-2 6-2,61.0,0.0,0.0,54.0,37.0,26.0,11.0,8.0,3.0,3.0,1.0,0.0,45.0,28.0,17.0,5.0,8.0,1.0,5.0,29.0,1070.0,21.0,1360.0,2006
2006-338,Sydney,2006-01-09,A,Hard,32,1,3,R32,103720,Lleyton Hewitt,R,AUS,24.8,102434,Vincent Spadea,R,USA,31.4,2-6 7-5 6-3,122.0,6.0,10.0,98.0,50.0,36.0,25.0,15.0,11.0,14.0,2.0,3.0,80.0,38.0,28.0,22.0,14.0,2.0,5.0,4.0,2465.0,75.0,515.0,2006
2006-338,Sydney,2006-01-09,A,Hard,32,2,3,R32,103781,Jurgen Melzer,L,AUT,24.6,103428,Juan Ignacio Chela,R,ARG,26.3,6-2 7-6(1),75.0,3.0,3.0,62.0,32.0,28.0,14.0,10.0,1.0,2.0,0.0,1.0,55.0,35.0,20.0,13.0,10.0,1.0,4.0,53.0,675.0,46.0,755.0,2006
2006-338,Sydney,2006-01-09,A,Hard,32,3,3,R32,104312,Andreas Seppi,R,ITA,21.8,104019,Kristof Vliegen,R,BEL,23.5,6-3 6-7(3) 6-3,122.0,2.0,1.0,87.0,59.0,37.0,17.0,14.0,3.0,6.0,8.0,2.0,111.0,83.0,46.0,17.0,16.0,4.0,11.0,60.0,597.0,87.0,477.0,2006
2006-338,Sydney,2006-01-09,A,Hard,32,4,3,R32,104589,Chris Guccione,L,AUS,20.4,103507,Juan Carlos Ferrero,R,ESP,25.9,4-6 6-3 7-5,97.0,27.0,4.0,82.0,47.0,44.0,18.0,16.0,0.0,1.0,6.0,2.0,80.0,50.0,40.0,17.0,15.0,1.0,3.0,154.0,269.0,18.0,1500.0,2006
2006-338,Sydney,2006-01-09,A,Hard,32,5,3,R32,104214,Igor Andreev,R,RUS,22.4,104755,Richard Gasquet,R,FRA,19.5,6-2 6-4,65.0,2.0,2.0,53.0,33.0,22.0,14.0,9.0,3.0,4.0,1.0,4.0,50.0,24.0,15.0,11.0,9.0,3.0,7.0,26.0,1120.0,17.0,1511.0,2006
2006-338,Sydney,2006-01-09,A,Hard,32,6,3,R32,103429,Peter Luczak,R,AUS,26.3,103598,Xavier Malisse,R,BEL,25.4,7-6(5) 7-6(3),111.0,4.0,6.0,82.0,53.0,41.0,14.0,12.0,2.0,4.0,3.0,4.0,84.0,39.0,30.0,23.0,12.0,4.0,6.0,144.0,290.0,39.0,836.0,2006
2006-338,Sydney,2006-01-09,A,Hard,32,7,3,R32,103722,Florent Serra,R,FRA,24.8,102148,Fabrice Santoro,R,FRA,33.0,5-7 6-2 6-4,126.0,3.0,2.0,106.0,67.0,41.0,20.0,15.0,7.0,11.0,3.0,7.0,92.0,48.0,32.0,18.0,15.0,7.0,13.0,38.0,856.0,63.0,580.0,2006
2006-338,Sydney,2006-01-09,A,Hard,32,8,3,R32,104098,Dmitry Tursunov,R,RUS,23.0,103990,Tommy Robredo,R,ESP,23.6,7-6(4) 6-3,93.0,7.0,4.0,79.0,39.0,24.0,25.0,10.0,3.0,4.0,2.0,1.0,69.0,40.0,25.0,13.0,11.0,1.0,4.0,55.0,655.0,19.0,1490.0,2006
2006-338,Sydney,2006-01-09,A,Hard,32,9,3,R32,103484,James Blake,R,USA,26.0,102106,Davide Sanguinetti,R,ITA,33.3,7-6(4) 6-4,84.0,5.0,3.0,78.0,47.0,37.0,15.0,11.0,2.0,3.0,2.0,7.0,74.0,39.0,29.0,17.0,11.0,2.0,4.0,23.0,1230.0,45.0,779.0,2006
2006-338,Sydney,2006-01-09,A,Hard,32,10,3,R32,102845,Carlos Moya,R,ESP,29.3,103206,Sebastien Grosjean,R,FRA,27.6,5-7 7-5 7-6(4),153.0,10.0,8.0,109.0,60.0,44.0,30.0,18.0,3.0,6.0,9.0,1.0,125.0,65.0,52.0,29.0,18.0,15.0,18.0,35.0,885.0,28.0,1080.0,2006
2006-338,Sydney,2006-01-09,A,Hard,32,11,3,R32,103096,Arnaud Clement,R,FRA,28.0,103758,Taylor Dent,R,USA,24.7,6-1 2-6 6-2,60.0,4.0,2.0,66.0,34.0,26.0,20.0,12.0,4.0,6.0,7.0,8.0,66.0,29.0,21.0,18.0,11.0,6.0,10.0,68.0,558.0,30.0,945.0,2006
2006-338,Sydney,2006-01-09,A,Hard,32,12,3,R32,104338,Juan Monaco,R,ARG,21.7,104269,Fernando Verdasco,L,ESP,22.1,6-3 6-2,63.0,2.0,1.0,50.0,30.0,25.0,14.0,9.0,2.0,2.0,2.0,5.0,47.0,25.0,21.0,7.0,8.0,4.0,7.0,86.0,477.0,31.0,925.0,2006
2006-338,Sydney,2006-01-09,A,Hard,32,13,3,R32,103387,Paradorn Srichaphan,R,THA,26.5,103285,Radek Stepanek,R,CZE,27.1,6-3 6-4,71.0,10.0,3.0,59.0,36.0,29.0,15.0,10.0,2.0,2.0,4.0,3.0,45.0,26.0,19.0,11.0,9.0,1.0,3.0,50.0,705.0,20.0,1440.0,2006
2006-338,Sydney,2006-01-09,A,Hard,32,14,3,R32,103333,Ivo Karlovic,R,CRO,26.8,103812,Victor Hanescu,R,ROU,24.4,7-6(7) 3-6 6-3,124.0,11.0,2.0,89.0,57.0,44.0,19.0,15.0,4.0,5.0,3.0,3.0,91.0,53.0,39.0,24.0,15.0,3.0,4.0,67.0,560.0,37.0,856.0,2006
